incident_id,category_code,category,description,magnitude_of_delay,start_time_utc,end_time_utc,first_seen_utc,last_seen_utc,times_seen,from_road,to_road,length_m,delay_s,road_numbers,start_lat,start_lon,end_lat,end_lon,nearest_point_id,nearest_point_km,probability,number_of_reports,last_report_time_utc
TTI-ee6f7775-fbc6-4c47-ab76-e5709a440588-TTL65401013312011000,6,Jam,Stationary traffic,Major,2026-10-09T20:44:00Z,2026-10-09T22:02:00Z,2026-10-09 21:40:29,2026-10-09 21:40:29,1,شارع الملك عبدالعزيز,ميدان الكرة الأرضية / ميدان الكرة الارضية,1294.1848238508,323,20,21.6935737435,39.1089717716,21.6822508232,39.1098850637,Al_Madinah_Road_1,1.742,certain,,
TTI-ee6f7775-fbc6-4c47-ab76-e5709a440588-TTL65409669432051000,6,Jam,Stationary traffic,Major,2026-10-09T21:15:00Z,2026-10-09T22:04:00Z,2026-10-09 21:40:29,2026-10-09 21:40:29,1,شارع النخيل,ميدان الكرة الأرضية / ميدان الكرة الارضية,1358.5848431423,341,20,21.6797375702,39.1100433141,21.6675281933,39.1105287939,Al_Madinah_Road_1,1.66,certain,,
TTI-ee6f7775-fbc6-4c47-ab76-e5709a440588-TTL65412554688019000,6,Jam,Stationary traffic,Major,2026-10-09T19:28:00Z,2026-10-09T22:03:00Z,2026-10-09 21:40:29,2026-10-09 21:40:29,1,المحمدية,ميدان الكرة الأرضية,1966.0910343361,294,5|20,21.6434594252,39.1117424935,21.6611284607,39.1110424369,Al_Madinah_Road_1,2.447,certain,,
TTI-ee6f7775-fbc6-4c47-ab76-e5709a440588-TTL65412554860027001,6,Jam,Stationary traffic,Major,2026-10-09T21:32:30Z,2026-10-09T21:59:00Z,2026-10-09 21:40:29,2026-10-09 21:40:29,1,ميدان الكرة الأرضية,exit [C],835.0139194087,168,5,21.6644195424,39.1112570137,21.6673283885,39.118639794,Al_Madinah_Road_1,1.425,certain,,
TTI-ee6f7775-fbc6-4c47-ab76-e5709a440588-TTL65412554900038000,6,Jam,Stationary traffic,Major,2026-10-09T21:36:00Z,2026-10-09T21:59:00Z,2026-10-09 21:40:29,2026-10-09 21:40:29,1,شارع البساتين,شارع السلام,402.4629742806,193,30,21.6729314637,39.1206259697,21.669349403,39.1211838692,Al_Madinah_Road_1,0.808,certain,,
TTI-ee6f7775-fbc6-4c47-ab76-e5709a440588-TTL65415439872021001,6,Jam,Stationary traffic; Roadworks,Major,2026-10-09T19:17:00Z,2026-10-09T21:59:00Z,2026-10-09 21:40:29,2026-10-09 21:40:29,1,شارع ثويبة,شارع جبر بن اوس,422.1210488693,145,,21.6441674654,39.1063230902,21.6479615135,39.1062345773,King_Abdulaziz_Road_3,2.8,certain,,
TTI-ee6f7775-fbc6-4c47-ab76-e5709a440588-TTL65415440440080000,6,Jam,Slow traffic,Minor,2026-10-09T21:36:30Z,2026-10-09T21:51:00Z,2026-10-09 21:40:29,2026-10-09 21:40:29,1,شارع النزهة,شارع السلام,1548.405334871,60,271,21.659261653,39.1336816221,21.6722958504,39.1284231514,Al_Madinah_Road_1,0.685,certain,,
TTI-ee6f7775-fbc6-4c47-ab76-e5709a440588-TTL65421210884014000,6,Jam,Stationary traffic,Major,2026-10-09T21:03:30Z,2026-10-09T22:04:00Z,2026-10-09 21:40:29,2026-10-09 21:40:29,1,شارع نبيه الانصاري,شارع فاطمة الزهراء,88.5148358513,272,,21.6450713646,39.1250717312,21.6442841732,39.125197795,Al_Madinah_Road_2,2.029,certain,,
TTI-ee6f7775-fbc6-4c47-ab76-e5709a440588-TTL65421210992023000,6,Jam,Stationary traffic,Major,2026-10-09T21:37:30Z,2026-10-09T21:59:00Z,2026-10-09 21:40:29,2026-10-09 21:40:29,1,شارع إبراهيم الحيدري,طريق الامير سلطان,404.9488944364,138,,21.648076816,39.1230627566,21.6485274296,39.1269117266,Al_Madinah_Road_2,1.931,certain,,
TTI-ee6f7775-fbc6-4c47-ab76-e5709a440588-TTL65421211100030000,6,Jam,Stationary traffic,Major,2026-10-09T21:28:00Z,2026-10-09T22:17:00Z,2026-10-09 21:40:29,2026-10-09 21:40:29,1,شارع أروى بنت عبدالمطلب,طريق الامير سلطان,1808.8454585918,641,,21.639818277,39.1260601252,21.6559088325,39.1234959334,Al_Madinah_Road_2,1.982,certain,,
TTI-ee6f7775-fbc6-4c47-ab76-e5709a440588-TTL65426981860031000,6,Jam,Stationary traffic,Major,2026-10-09T21:00:30Z,2026-10-09T21:59:00Z,2026-10-09 21:40:29,2026-10-09 21:40:29,1,طريق الامير سلطان,شارع الصفا,343.6586298975,259,,21.6446221425,39.1284539968,21.6443284256,39.1251897484,Al_Madinah_Road_2,1.695,certain,,
TTI-ee6f7775-fbc6-4c47-ab76-e5709a440588-TTL65435637808019000,6,Jam,Stationary traffic,Major,2026-10-09T20:49:00Z,2026-10-09T22:23:00Z,2026-10-09 21:40:29,2026-10-09 21:40:29,1,طريق الملك عبدالعزيز,الشاطئ,1280.0635483285,199,5|20,21.620164387,39.116150704,21.6092237102,39.120001015,King_Abdulaziz_Road_3,0.056,certain,,
TTI-ee6f7775-fbc6-4c47-ab76-e5709a440588-TTL65435637880019004,6,Jam,Slow traffic,Minor,2026-10-09T21:01:30Z,2026-10-09T22:00:00Z,2026-10-09 21:40:29,2026-10-09 21:40:29,1,طريق الأندلس,النهضة,5388.6879888843,433,5|20,21.5685359153,39.1263538271,21.6157709164,39.1179799706,King_Abdulaziz_Road_2,0.011,certain,,
TTI-ee6f7775-fbc6-4c47-ab76-e5709a440588-TTL65435638464032000,6,Jam,Stationary traffic,Major,2026-10-09T21:22:00Z,2026-10-09T23:26:00Z,2026-10-09 21:40:29,2026-10-09 21:40:29,1,شارع فلسطين exit [11],exit [28],9456.2331232219,1268,5|M55,21.5876211584,39.227742669,21.6691147035,39.2037999302,Al_Haramain_Road_2,0.063,certain,,
TTI-ee6f7775-fbc6-4c47-ab76-e5709a440588-TTL65441408576044000,6,Jam,Stationary traffic; Roadworks,Major,2026-10-09T15:48:30Z,2026-10-09T21:59:00Z,2026-10-09 21:40:29,2026-10-09 21:40:29,1,عوف الجثممي,عمرو بن بجاد,251.10367835,191,,21.6094865611,39.1352614432,21.6100082092,39.1376244694,Al_Madinah_Road_3,1.919,certain,,
TTI-ee6f7775-fbc6-4c47-ab76-e5709a440588-TTL65447179560015000,6,Jam,Stationary traffic,Major,2026-10-09T21:14:30Z,2026-10-09T21:59:00Z,2026-10-09 21:40:29,2026-10-09 21:40:29,1,شارع ابن أبان,طريق الامير سلطان,107.7251828524,223,,21.6041958643,39.1444949478,21.6032275721,39.1444614202,Al_Madinah_Road_3,1.654,certain,,
TTI-ee6f7775-fbc6-4c47-ab76-e5709a440588-TTL65450064736091000,6,Jam,Stationary traffic,Major,2026-10-09T21:25:00Z,2026-10-09T22:23:00Z,2026-10-09 21:40:29,2026-10-09 21:40:29,1,طريق الملك عبدالعزيز,طريق الملك عبدالعزيز,2718.571764466,406,5|20,21.6053291282,39.1208593219,21.5816492229,39.1266958088,King_Abdulaziz_Road_2,0.036,certain,,
TTI-ee6f7775-fbc6-4c47-ab76-e5709a440588-TTL65450065208068000,6,Jam,Queuing traffic,Moderate,2026-10-09T21:27:30Z,2026-10-09T21:59:00Z,2026-10-09 21:40:29,2026-10-09 21:40:29,1,شارع عائشة القرطبية,طريق المكرونة,445.5337618082,182,,21.6190271095,39.1820083231,21.6182492829,39.1777811617,Al_Madinah_Road_3,2.344,certain,,
TTI-ee6f7775-fbc6-4c47-ab76-e5709a440588-TTL65450065600048000,6,Jam,Slow traffic,Minor,2026-10-09T20:37:30Z,2026-10-09T22:06:00Z,2026-10-09 21:40:29,2026-10-09 21:40:29,1,exit [33],exit [18],2547.2709696162,90,5|M55,21.6289566936,39.2131273121,21.6073622322,39.2213429183,Al_Haramain_Road_2,0.005,certain,,
TTI-ee6f7775-fbc6-4c47-ab76-e5709a440588-TTL65452950948041000,6,Jam,Stationary traffic,Major,2026-10-09T21:31:30Z,2026-10-09T21:59:00Z,2026-10-09 21:40:29,2026-10-09 21:40:29,1,شارع النزهة,M55,453.4805748115,81,,21.6363112819,39.2123239905,21.6349929813,39.2113476664,Al_Haramain_Road_2,0.613,certain,,
TTI-ee6f7775-fbc6-4c47-ab76-e5709a440588-TTL65455835472036000,6,Jam,Stationary traffic,Major,2026-10-09T18:00:00Z,2026-10-09T21:59:00Z,2026-10-09 21:40:29,2026-10-09 21:40:29,1,طريق صاري,الزهراء,857.2840502324,162,,21.5733021613,39.126788345,21.580971976,39.1270163327,King_Abdulaziz_Road_2,1.311,certain,,
TTI-ee6f7775-fbc6-4c47-ab76-e5709a440588-TTL65458720828012000,6,Jam,Stationary traffic,Major,2026-10-09T21:31:30Z,2026-10-09T22:08:00Z,2026-10-09 21:40:29,2026-10-09 21:40:29,1,شارع الصلح,طريق الامير سلطان,251.6891035089,300,4069,21.573916385,39.1409115165,21.5746003684,39.1432316273,King_Abdulaziz_Road_1,2.506,certain,,
TTI-ee6f7775-fbc6-4c47-ab76-e5709a440588-TTL65458721016011000,6,Jam,Stationary traffic,Major,2026-10-09T19:33:00Z,2026-10-09T22:04:00Z,2026-10-09 21:40:29,2026-10-09 21:40:29,1,الزهراء,طريق صاري,762.823921872,307,30,21.5815848421,39.1434730261,21.5748149553,39.1432423562,King_Abdulaziz_Road_2,2.365,certain,,
TTI-ee6f7775-fbc6-4c47-ab76-e5709a440588-TTL65461606056011000,6,Jam,Heavy traffic,Minor,2026-10-09T15:56:00Z,2026-10-09T21:59:00Z,2026-10-09 21:40:29,2026-10-09 21:40:29,1,الشاطئ,طريق الكورنيش,2463.7191762133,50,5|20,21.5781328668,39.1266233891,21.5560140486,39.1253171533,King_Abdulaziz_Road_1,0.032,certain,,
TTI-ee6f7775-fbc6-4c47-ab76-e5709a440588-TTL65461606272015000,6,Jam,Stationary traffic,Major,2026-10-09T21:15:00Z,2026-10-09T22:04:00Z,2026-10-09 21:40:29,2026-10-09 21:40:29,1,طريق صاري,طريق صاري,286.9608494321,459,,21.5722843215,39.1329775423,21.5737782629,39.1340624958,King_Abdulaziz_Road_1,1.92,certain,,
TTI-ee6f7775-fbc6-4c47-ab76-e5709a440588-TTL65464492276022000,6,Jam,Stationary traffic; Roadworks,Major,2026-10-09T13:20:00Z,2026-10-09T22:09:00Z,2026-10-09 21:40:29,2026-10-09 21:40:29,1,شارع سابق بن ماجة,طريق المكرونة,337.8381916797,389,,21.5944513926,39.1892288297,21.5935474886,39.1861094207,Al_Madinah_Road_3,3.982,certain,,
TTI-ee6f7775-fbc6-4c47-ab76-e5709a440588-TTL65467377892023000,6,Jam,Stationary traffic,Major,2026-10-09T16:04:00Z,2026-10-09T21:59:00Z,2026-10-09 21:40:29,2026-10-09 21:40:29,1,شارع عامر بن أبي ربيعة,المروة,220.7422667486,228,,21.6058481417,39.2107535571,21.6052861887,39.2087056905,Al_Haramain_Road_2,2.582,certain,,
TTI-ee6f7775-fbc6-4c47-ab76-e5709a440588-TTL65467377892044000,6,Jam,Stationary traffic,Major,2026-10-09T21:35:00Z,2026-10-09T21:59:00Z,2026-10-09 21:40:29,2026-10-09 21:40:29,1,شارع عامر بن أبي ربيعة,الشيخ عبد العزيز بن باز,589.5169611604,215,,21.6044332411,39.2090208501,21.6029151455,39.2035585314,Al_Haramain_Road_3,2.648,certain,,
TTI-ee6f7775-fbc6-4c47-ab76-e5709a440588-TTL65476033628013000,6,Jam,Stationary traffic,Major,2026-10-09T21:24:00Z,2026-10-09T22:02:00Z,2026-10-09 21:40:29,2026-10-09 21:40:29,1,شارع الامير محمد بن عبدالعزيز / الحارث بن سليم,شارع الأمير سعود الفيصل,863.5228151111,200,,21.557143246,39.1735392481,21.5645488011,39.1710514992,Al_Madinah_Road_4,0.591,certain,,
TTI-ee6f7775-fbc6-4c47-ab76-e5709a440588-TTL65476033772066000,6,Jam,Stationary traffic,Major,2026-10-09T21:20:30Z,2026-10-09T21:59:00Z,2026-10-09 21:40:29,2026-10-09 21:40:29,1,الأمير ماجد,الأمير ماجد,1205.5121361739,183,,21.5663096491,39.2012370795,21.5769741358,39.1992093295,Al_Madinah_Road_4,3.174,certain,,
TTI-ee6f7775-fbc6-4c47-ab76-e5709a440588-TTL65481804608023000,6,Jam,Stationary traffic,Major,2026-10-09T21:19:30Z,2026-10-09T21:59:00Z,2026-10-09 21:40:29,2026-10-09 21:40:29,1,شارع الأمير ماجد,ابن جميع,236.9973330444,306,,21.5700929561,39.2005517751,21.5705086578,39.2027994663,Al_Haramain_Road_3,3.294,certain,,
TTI-ee6f7775-fbc6-4c47-ab76-e5709a440588-TTL65504887840472000,6,Jam,Slow traffic,Minor,2026-10-09T14:18:00Z,2026-10-09T23:46:00Z,2026-10-09 21:40:29,2026-10-09 21:40:29,1,شارع الأمير محمدبن عبدالعزيز exit [14],exit [4],5677.2969239557,207,5|M55,21.5585848796,39.2327235311,21.5116355206,39.2527931601,Al_Haramain_Road_3,3.364,certain,,
TTI-ee6f7775-fbc6-4c47-ab76-e5709a440588-TTR65375044784012001,9,Road Works,Roadworks; New roadworks layout,Unknown,2026-08-25T13:17:00Z,,2026-10-09 21:40:29,2026-10-09 21:40:29,1,طريق الأمير عبد الله الفيصل,شارع ابحر,417.6006962898,,,21.7368136683,39.1087571949,21.7332275908,39.1075582474,Al_Madinah_Road_1,6.426,probable,,
TTI-ee6f7775-fbc6-4c47-ab76-e5709a440588-TTR65383701368014000,8,Road Closed,Closed,Undefined,2026-10-07T23:52:00Z,,2026-10-09 21:40:29,2026-10-09 21:40:29,1,شارع سفيان بن عوف,شارع الملك عبدالعزيز,112.7692544776,,,21.7409912135,39.1330405742,21.7408892989,39.1319542795,Al_Haramain_Road_1,6.589,probable,,
TTI-ee6f7775-fbc6-4c47-ab76-e5709a440588-TTR65383701404014000,8,Road Closed,Closed,Undefined,2026-10-09T16:16:00Z,,2026-10-09 21:40:29,2026-10-09 21:40:29,1,شارع أبي الفضل الكوفي,شارع الملك عبدالعزيز / شارع عبدالرحمن بن سمرة,112.6269588683,,,21.7399894266,39.1332015067,21.7409912135,39.1330405742,Al_Haramain_Road_1,6.541,probable,,
TTI-ee6f7775-fbc6-4c47-ab76-e5709a440588-TTR65395242788023000,8,Road Closed,Closed,Undefined,2026-01-07T11:09:30Z,,2026-10-09 21:40:29,2026-10-09 21:40:29,1,مطار الملك عبدالعزيز الدولي,مطار الملك عبدالعزيز الدولي,232.5213808262,,,21.7133148169,39.1332685619,21.711280402,39.1335220307,Al_Madinah_Road_1,3.77,certain,2,2025-06-28T08:47:30Z
TTI-ee6f7775-fbc6-4c47-ab76-e5709a440588-TTR65398128600078000,8,Road Closed,Closed,Undefined,2026-01-28T08:40:30Z,,2026-10-09 21:40:29,2026-10-09 21:40:29,1,طريق الحرمين,مطار الملك عبدالعزيز الدولي,881.5659217976,,,21.7327098921,39.1784825593,21.7326602944,39.17833772,Al_Haramain_Road_1,1.905,probable,,
TTI-ee6f7775-fbc6-4c47-ab76-e5709a440588-TTR65412554580015000,8,Road Closed,Closed,Undefined,2026-09-08T15:26:00Z,,2026-10-09 21:40:29,2026-10-09 21:40:29,1,شارع حريث بن زيد الخيل,طريق الملك عبد العزيز,74.517765549,,,21.653936086,39.1088564366,21.6539481611,39.1095766097,Al_Madinah_Road_1,3.183,probable,,
TTI-ee6f7775-fbc6-4c47-ab76-e5709a440588-TTR65412554652015000,8,Road Closed,Closed,Undefined,2026-09-08T15:25:30Z,,2026-10-09 21:40:29,2026-10-09 21:40:29,1,طريق الملك عبد العزيز,شارع حريث بن زيد الخيل,74.517765549,,,21.6539481611,39.1095766097,21.653936086,39.1088564366,Al_Madinah_Road_1,3.183,probable,,
TTI-ee6f7775-fbc6-4c47-ab76-e5709a440588-TTR65415439872013000,9,Road Works,Roadworks,Unknown,2026-10-05T11:04:30Z,,2026-10-09 21:40:29,2026-10-09 21:40:29,1,شارع مالك بخلف,شارع جبر بن اوس,206.409,,,21.6461027158,39.1063150435,21.6479574623,39.1062345773,King_Abdulaziz_Road_3,3.002,probable,,
TTI-ee6f7775-fbc6-4c47-ab76-e5709a440588-TTR65415440124022000,8,Road Closed,Closed,Undefined,2026-09-03T18:30:30Z,,2026-10-09 21:40:29,2026-10-09 21:40:29,1,طريق الملك عبد العزيز,شارع الأمير فيصل بن فهد,234.4020053998,,,21.6483651496,39.108373639,21.648261923,39.1061085135,King_Abdulaziz_Road_3,3.181,probable,,
TTI-ee6f7775-fbc6-4c47-ab76-e5709a440588-TTR65421210992015000,9,Road Works,Roadworks,Unknown,2026-10-09T21:15:00Z,,2026-10-09 21:40:29,2026-10-09 21:40:29,1,شارع أبو الحسن العبقسي,شارع هاشم الزهري,125.2149010583,,,21.6476033741,39.1200238138,21.6477965061,39.1212173968,Al_Madinah_Road_2,2.483,probable,,
TTI-ee6f7775-fbc6-4c47-ab76-e5709a440588-TTR65421211020014000,9,Road Works,Roadworks; New roadworks layout,Unknown,2026-10-08T12:12:30Z,,2026-10-09 21:40:29,2026-10-09 21:40:29,1,شارع آمنة بنت وهب,شارع أبي الطلائع,50.5640206073,,,21.6555909887,39.1352010935,21.6552115227,39.1354706555,Al_Madinah_Road_2,1.616,probable,,
TTI-ee6f7775-fbc6-4c47-ab76-e5709a440588-TTR65426981824046000,9,Road Works,Roadworks,Unknown,2026-10-05T21:06:00Z,,2026-10-09 21:40:29,2026-10-09 21:40:29,1,شارع فاطمة الزهراء,شارع الامير سلطان,457.8598905404,,,21.6442720973,39.1285921305,21.6404083776,39.1301236719,Al_Madinah_Road_2,1.558,probable,,
TTI-ee6f7775-fbc6-4c47-ab76-e5709a440588-TTR65441408576020000,9,Road Works,Roadworks,Unknown,2026-10-04T05:35:30Z,,2026-10-09 21:40:29,2026-10-09 21:40:29,1,عوف الجثممي,عمرو بن بجاد,150.780820468,,,21.6097896222,39.1365824312,21.6100926827,39.138004002,Al_Madinah_Road_3,1.879,probable,,
TTI-ee6f7775-fbc6-4c47-ab76-e5709a440588-TTR65441408612023000,8,Road Closed,Closed,Undefined,2026-09-28T21:58:30Z,,2026-10-09 21:40:29,2026-10-09 21:40:29,1,شارع حراء,عصمة بن ابير,180.2703061012,,,21.6099090074,39.1402946085,21.6083157682,39.1406137913,Al_Madinah_Road_3,1.661,probable,,
TTI-ee6f7775-fbc6-4c47-ab76-e5709a440588-TTR65444294488012000,9,Road Works,Roadworks; New roadworks layout,Unknown,2026-09-27T16:16:30Z,,2026-10-09 21:40:29,2026-10-09 21:40:29,1,شارع عمر ابو زرعه,طريق المكرونة,131.2422375557,,,21.632089483,39.1725106209,21.6318763055,39.1737578481,Al_Madinah_Road_3,2.59,probable,,
TTI-ee6f7775-fbc6-4c47-ab76-e5709a440588-TTR65444294504023000,8,Road Closed,Closed,Undefined,2026-03-26T14:32:00Z,,2026-10-09 21:40:29,2026-10-09 21:40:29,1,شارع النزهة,طريق المكرونة,195.6463026094,,,21.632089483,39.1725106209,21.6306250505,39.173551318,Al_Madinah_Road_3,2.552,probable,,
TTI-ee6f7775-fbc6-4c47-ab76-e5709a440588-TTR65447179628023000,8,Road Closed,Closed,Undefined,2026-09-28T21:01:30Z,,2026-10-09 21:40:29,2026-10-09 21:40:29,1,طريق الامير سلطان,شارع حراء,180.2703061012,,,21.6083157682,39.1406137913,21.6099090074,39.1402946085,Al_Madinah_Road_3,1.661,probable,,
TTI-ee6f7775-fbc6-4c47-ab76-e5709a440588-TTR65447179696023000,8,Road Closed,Closed,Undefined,2026-07-29T16:31:00Z,,2026-10-09 21:40:29,2026-10-09 21:40:29,1,شارع عبدالقادر الخزرجي,شارع حراء,187.801310185,,,21.6152103267,39.1518911391,21.6136211202,39.1525026828,Al_Madinah_Road_3,0.337,probable,,
TTI-ee6f7775-fbc6-4c47-ab76-e5709a440588-TTR65447179768023000,8,Road Closed,Closed,Undefined,2026-07-30T00:31:30Z,,2026-10-09 21:40:29,2026-10-09 21:40:29,1,شارع حراء,شارع عبدالقادر الخزرجي,187.801310185,,,21.6136211202,39.1525026828,21.6152103267,39.1518911391,Al_Madinah_Road_3,0.337,probable,,
TTI-ee6f7775-fbc6-4c47-ab76-e5709a440588-TTR65455835824015000,8,Road Closed,Closed,Undefined,2026-09-09T18:07:00Z,,2026-10-09 21:40:29,2026-10-09 21:40:29,1,شارع قريش,المنهل اللطيف,114.7025632589,,,21.5955604949,39.1586838335,21.5945654129,39.1589761943,Al_Madinah_Road_3,2.201,probable,,
TTI-ee6f7775-fbc6-4c47-ab76-e5709a440588-TTR65455835896015000,8,Road Closed,Closed,Undefined,2026-09-08T11:18:30Z,,2026-10-09 21:40:29,2026-10-09 21:40:29,1,المنهل اللطيف,شارع قريش,114.7025632589,,,21.5945654129,39.1589761943,21.5955604949,39.1586838335,Al_Madinah_Road_3,2.201,probable,,
TTI-ee6f7775-fbc6-4c47-ab76-e5709a440588-TTR65455835896015001,8,Road Closed,Closed,Undefined,2026-08-03T06:25:30Z,,2026-10-09 21:40:29,2026-10-09 21:40:29,1,المنهل اللطيف,نهضة الشرق,113.3663587441,,,21.5949006927,39.1601295441,21.5958783149,39.1598184079,Al_Madinah_Road_3,2.188,probable,,
TTI-ee6f7775-fbc6-4c47-ab76-e5709a440588-TTR65455836040045001,8,Road Closed,Closed,Undefined,2026-03-20T10:04:30Z,,2026-10-09 21:40:29,2026-10-09 21:40:29,1,شارع أبي حبيب الأنصاري,طريق الامير ماجد,477.6599669566,,,21.6087958848,39.189604339,21.6129170604,39.1883021265,Al_Haramain_Road_2,3.122,certain,2,2025-05-05T17:33:00Z
TTI-ee6f7775-fbc6-4c47-ab76-e5709a440588-TTR65455836296006000,9,Road Works,Roadworks; New roadworks layout,Unknown,2026-09-25T22:11:00Z,,2026-10-09 21:40:29,2026-10-09 21:40:29,1,شارع ابن أبي بكر المرشدي,طريق الامير متعب,45.3708378835,,,21.6248796881,39.1955521375,21.6248220276,39.1951176196,Al_Haramain_Road_2,1.868,probable,,
TTI-ee6f7775-fbc6-4c47-ab76-e5709a440588-TTR65458720944023000,8,Road Closed,Closed,Undefined,2026-10-05T22:45:00Z,,2026-10-09 21:40:29,2026-10-09 21:40:29,1,طريق صاري,شارع أبو المجد الشافعي,245.9358673951,,,21.5751730412,39.1444453269,21.57730135,39.1442736655,King_Abdulaziz_Road_2,2.703,probable,,
TTI-ee6f7775-fbc6-4c47-ab76-e5709a440588-TTR65458721404014000,9,Road Works,Roadworks; New roadworks layout,Unknown,2026-06-27T17:10:00Z,,2026-10-09 21:40:29,2026-10-09 21:40:29,1,طريق المكرونة,شارع خالد بن معمر,62.5319253831,,,21.6037063807,39.1829283208,21.6038874143,39.1835009724,Al_Madinah_Road_3,3.119,probable,,
TTI-ee6f7775-fbc6-4c47-ab76-e5709a440588-TTR65458721768012000,9,Road Works,Roadworks; New roadworks layout,Unknown,2026-09-18T15:09:30Z,,2026-10-09 21:40:29,2026-10-09 21:40:29,1,طريق الحرمين (M55),ابن قرناجي,132.2730001253,32,,21.6233133407,39.2045361966,21.6230705405,39.203283605,Al_Haramain_Road_2,1.084,probable,,
TTI-ee6f7775-fbc6-4c47-ab76-e5709a440588-TTR65461606164006000,9,Road Works,Roadworks; New roadworks layout,Unknown,2026-10-01T15:30:00Z,,2026-10-09 21:40:29,2026-10-09 21:40:29,1,شارع عقيل بن أبي طالب,شارع عقيل بن أبي طالب,14.9901486093,,,21.5599688904,39.1220381528,21.5599635895,39.1221829921,King_Abdulaziz_Road_1,0.532,probable,,
TTI-ee6f7775-fbc6-4c47-ab76-e5709a440588-TTR65461606164007000,8,Road Closed,Closed,Undefined,2026-08-31T08:35:30Z,,2026-10-09 21:40:29,2026-10-09 21:40:29,1,شارع عبد الله ابا الخيل,شارع العنبر,36.0696825156,,,21.5642698884,39.1349355548,21.5642617814,39.135284242,King_Abdulaziz_Road_1,1.298,probable,,
TTI-ee6f7775-fbc6-4c47-ab76-e5709a440588-TTR65461606164014000,9,Road Works,Roadworks,Unknown,2026-10-08T09:12:30Z,,2026-10-09 21:40:29,2026-10-09 21:40:29,1,شارع محمد أمين الجندي,شارع عقيل بن أبي طالب,89.3610107154,,,21.5635939634,39.1215178042,21.5635684729,39.1223814755,King_Abdulaziz_Road_1,0.863,probable,,
TTI-ee6f7775-fbc6-4c47-ab76-e5709a440588-TTR65461606236007000,8,Road Closed,Closed,Undefined,2026-08-27T16:16:30Z,,2026-10-09 21:40:29,2026-10-09 21:40:29,1,شارع العنبر,شارع عبد الله ابا الخيل,36.0696825156,,,21.5642617814,39.135284242,21.5642698884,39.1349355548,King_Abdulaziz_Road_1,1.298,probable,,
TTI-ee6f7775-fbc6-4c47-ab76-e5709a440588-TTR65461606236014000,9,Road Works,Roadworks,Unknown,2026-10-04T13:36:00Z,,2026-10-09 21:40:29,2026-10-09 21:40:29,1,طريق الملك عبد العزيز,شارع أم الفضل بنت حمزة,201.6114624565,,,21.5584051926,39.1234020561,21.5585124591,39.1214561134,King_Abdulaziz_Road_1,0.32,probable,,
TTI-ee6f7775-fbc6-4c47-ab76-e5709a440588-TTR65461606912014000,9,Road Works,Roadworks; New roadworks layout,Unknown,2026-10-09T16:14:30Z,,2026-10-09 21:40:29,2026-10-09 21:40:29,1,شارع أبي القاسم البغدادي,الربوة,61.5712955089,,,21.6062142555,39.1863427728,21.6056804366,39.1865010232,Al_Madinah_Road_3,3.352,probable,,
TTI-ee6f7775-fbc6-4c47-ab76-e5709a440588-TTR65461606984021000,9,Road Works,Roadworks; New roadworks layout,Unknown,2026-09-27T09:16:00Z,,2026-10-09 21:40:29,2026-10-09 21:40:29,1,المروة,شارع أبي حبيب الأنصاري,172.7131441453,,,21.6027823503,39.1915569872,21.6042696647,39.1910755306,Al_Haramain_Road_2,3.566,probable,,
TTI-ee6f7775-fbc6-4c47-ab76-e5709a440588-TTR65464491600014000,9,Road Works,Roadworks,Unknown,2026-10-03T15:35:00Z,,2026-10-09 21:40:29,2026-10-09 21:40:29,1,شارع الأمير سعود الفيصل,شارع قلب الجزيرة,199.7230645603,,,21.5603698879,39.1343360811,21.5621643065,39.1344205707,King_Abdulaziz_Road_1,1.001,probable,,
TTI-ee6f7775-fbc6-4c47-ab76-e5709a440588-TTR65464491708012000,9,Road Works,Roadworks,Unknown,2026-10-09T21:15:00Z,,2026-10-09 21:40:29,2026-10-09 21:40:29,1,شارع الروضة,شارع الروضة,108.2470263648,,,21.5595840285,39.1299265295,21.5596162238,39.128880468,King_Abdulaziz_Road_1,0.488,probable,,
TTI-ee6f7775-fbc6-4c47-ab76-e5709a440588-TTR65464492276006001,9,Road Works,Roadworks,Unknown,2026-10-09T09:57:00Z,,2026-10-09 21:40:29,2026-10-09 21:40:29,1,شارع زيد بن خارجة,طريق المكرونة,137.8346994138,,,21.5939042033,39.1873861521,21.5935474886,39.1861094207,Al_Madinah_Road_3,3.982,probable,,
TTI-ee6f7775-fbc6-4c47-ab76-e5709a440588-TTR65467377244015000,8,Road Closed,Closed,Undefined,2026-02-07T13:24:00Z,,2026-10-09 21:40:29,2026-10-09 21:40:29,1,محمد عمر توفيق,شارع حمد الجاسر,109.8717114434,,,21.5689932466,39.1584303647,21.5692882857,39.1594442397,Al_Madinah_Road_4,2.493,probable,,
TTI-ee6f7775-fbc6-4c47-ab76-e5709a440588-TTR65467377316015000,8,Road Closed,Closed,Undefined,2026-10-01T15:34:00Z,,2026-10-09 21:40:29,2026-10-09 21:40:29,1,شارع حمد الجاسر,محمد عمر توفيق,109.8717114434,,,21.5692882857,39.1594442397,21.5689932466,39.1584303647,Al_Madinah_Road_4,2.493,probable,,
TTI-ee6f7775-fbc6-4c47-ab76-e5709a440588-TTR65467377588015000,8,Road Closed,Closed,Undefined,2025-09-14T09:39:00Z,,2026-10-09 21:40:29,2026-10-09 21:40:29,1,الصفا,الصفا,57.2423123462,,,21.5919167374,39.1968100935,21.5914835611,39.1965110272,Al_Haramain_Road_3,3.255,certain,1,2025-04-25T23:08:00Z
TTI-ee6f7775-fbc6-4c47-ab76-e5709a440588-TTR65470262436038000,8,Road Closed,Closed,Undefined,2026-01-16T18:28:00Z,,2026-10-09 21:40:29,2026-10-09 21:40:29,1,شارع محمد الجمالي,الخالدية,377.1497015251,,,21.5511216419,39.1392539114,21.5508628169,39.1428775757,King_Abdulaziz_Road_1,1.526,probable,,
TTI-ee6f7775-fbc6-4c47-ab76-e5709a440588-TTR65470262580015000,8,Road Closed,Closed,Undefined,2026-10-05T14:01:30Z,,2026-10-09 21:40:29,2026-10-09 21:40:29,1,شارع عبد الله سلطان,شارع عبدالله الخريجى,122.3942968047,,,21.5618893649,39.1517328888,21.5618518693,39.152915743,Al_Madinah_Road_4,2.51,probable,,
TTI-ee6f7775-fbc6-4c47-ab76-e5709a440588-TTR65470263152015000,8,Road Closed,Closed,Undefined,2026-10-08T07:56:30Z,,2026-10-09 21:40:29,2026-10-09 21:40:29,1,الأقيوني / شارع قسيس بن الخطيم,شارع الامير متعب,105.0219940889,,,21.5963504455,39.2024293214,21.5965931347,39.2034110099,Al_Haramain_Road_3,2.704,probable,,
TTI-ee6f7775-fbc6-4c47-ab76-e5709a440588-TTR65470263224015000,8,Road Closed,Closed,Undefined,2026-10-08T07:56:00Z,,2026-10-09 21:40:29,2026-10-09 21:40:29,1,شارع الامير متعب,الأقيوني / شارع قسيس بن الخطيم,105.0219940889,,,21.5965931347,39.2034110099,21.5963504455,39.2024293214,Al_Haramain_Road_3,2.704,probable,,
TTI-ee6f7775-fbc6-4c47-ab76-e5709a440588-TTR65470263256023000,8,Road Closed,Closed,Undefined,2026-10-08T16:58:00Z,,2026-10-09 21:40:29,2026-10-09 21:40:29,1,أحمد بن طلحة / قسيس بن الخطيم,الأقيوني / شارع الاقيوني,242.6088864142,,,21.5942595921,39.2030998737,21.5963504455,39.2024293214,Al_Haramain_Road_3,2.66,probable,,
TTI-ee6f7775-fbc6-4c47-ab76-e5709a440588-TTR65473147776012000,9,Road Works,Roadworks,Unknown,2026-10-09T16:14:30Z,,2026-10-09 21:40:29,2026-10-09 21:40:29,1,الاندلس,طريق الملك عبد العزيز,117.8990113979,,,21.5458833088,39.1294786006,21.5453790492,39.1304763824,King_Abdulaziz_Road_1,1.237,probable,,
TTI-ee6f7775-fbc6-4c47-ab76-e5709a440588-TTR65473147848014000,9,Road Works,Roadworks,Unknown,2026-10-05T14:05:30Z,,2026-10-09 21:40:29,2026-10-09 21:40:29,1,طريق الملك عبد العزيز,طريق الملك عبد العزيز,267.7559144058,,,21.5441841154,39.1361814409,21.5451175633,39.1338291436,King_Abdulaziz_Road_1,1.516,probable,,
TTI-ee6f7775-fbc6-4c47-ab76-e5709a440588-TTR65473147872011000,9,Road Works,Roadworks,Unknown,2026-10-05T06:37:00Z,,2026-10-09 21:40:29,2026-10-09 21:40:29,1,العبود,شارع عبدالله الشبيبي,135.9209659429,,30,21.5543577726,39.1429084211,21.5555781145,39.1428333193,King_Abdulaziz_Road_1,1.781,probable,,
TTI-ee6f7775-fbc6-4c47-ab76-e5709a440588-TTR65473147940011000,9,Road Works,Roadworks,Unknown,2026-08-09T06:26:00Z,,2026-10-09 21:40:29,2026-10-09 21:40:29,1,شارع الخالدية,شارع الامير محمد بن عبدالعزيز,128.2649872223,,30,21.5511337256,39.14290708,21.5500259983,39.1430948347,King_Abdulaziz_Road_1,1.88,probable,,
TTI-ee6f7775-fbc6-4c47-ab76-e5709a440588-TTR65473148012015000,9,Road Works,Roadworks,Unknown,2026-10-04T08:36:00Z,,2026-10-09 21:40:29,2026-10-09 21:40:29,1,شارع الامير محمد بن عبدالعزيز,شارع النهضه / شارع عبدالعزيز مطر,134.8958129111,,,21.5490791729,39.1467480034,21.5502820962,39.1465790242,King_Abdulaziz_Road_1,2.271,probable,,
TTI-ee6f7775-fbc6-4c47-ab76-e5709a440588-TTR65473148624006001,9,Road Works,Roadworks; New roadworks layout,Unknown,2026-10-07T05:35:00Z,,2026-10-09 21:40:29,2026-10-09 21:40:29,1,شارع أبو الحسن بن الجوزي,شارع ام القرى,13.579356134,,,21.5959105022,39.2149163455,21.5959346621,39.2150450915,Al_Haramain_Road_3,1.579,probable,,
TTI-ee6f7775-fbc6-4c47-ab76-e5709a440588-TTR65473148660015000,8,Road Closed,Closed,Undefined,2026-09-30T10:57:00Z,,2026-10-09 21:40:29,2026-10-09 21:40:29,1,شارع عبد الله بن سهل,شارع القصيباء,65.1623559448,,,21.5953593436,39.2120597929,21.5948322651,39.2122582763,Al_Haramain_Road_3,1.78,probable,,
TTI-ee6f7775-fbc6-4c47-ab76-e5709a440588-TTR65473148732015000,8,Road Closed,Closed,Undefined,2026-07-07T23:38:00Z,,2026-10-09 21:40:29,2026-10-09 21:40:29,1,شارع القصيباء,شارع عبد الله بن سهل,65.1623559448,,,21.5948322651,39.2122582763,21.5953593436,39.2120597929,Al_Haramain_Road_3,1.78,probable,,
TTI-ee6f7775-fbc6-4c47-ab76-e5709a440588-TTR65478918952013000,9,Road Works,Roadworks,Unknown,2026-10-09T14:14:00Z,,2026-10-09 21:40:29,2026-10-09 21:40:29,1,رسالة التضحية,شارع الامير محمد بن عبدالعزيز / إبراهيم الجفالي,122.2272617166,,,21.5509996356,39.1697103947,21.5520510692,39.1693657309,Al_Madinah_Road_4,0.529,probable,,
TTI-ee6f7775-fbc6-4c47-ab76-e5709a440588-TTR65478918988015000,9,Road Works,Roadworks,Unknown,2026-10-08T12:12:30Z,,2026-10-09 21:40:29,2026-10-09 21:40:29,1,التشجير,طريق الملك فهد,190.8485083536,79,,21.5580337349,39.1826788753,21.5583864054,39.1844799787,Al_Madinah_Road_4,1.066,probable,,
TTI-ee6f7775-fbc6-4c47-ab76-e5709a440588-TTR65487575768046000,9,Road Works,Roadworks; New roadworks layout,Unknown,2026-09-27T23:18:00Z,,2026-10-09 21:40:29,2026-10-09 21:40:29,1,شارع الحسن الحلواني,شارع ابن سعيد الزهيري,171.1394927205,,,21.5781422202,39.2332277864,21.5778726871,39.2315983445,Al_Haramain_Road_3,1.24,probable,,
TTI-ee6f7775-fbc6-4c47-ab76-e5709a440588-TTR65493346208021000,9,Road Works,Roadworks,Unknown,2026-09-26T06:12:30Z,,2026-10-09 21:40:29,2026-10-09 21:40:29,1,بريمان,شارع الشيخ محمد بن جبير,180.4930570907,,,21.556803903,39.2242048353,21.5571351386,39.2259134024,Al_Haramain_Road_3,3.498,probable,,
TTI-ee6f7775-fbc6-4c47-ab76-e5709a440588-TTR65499117120047000,8,Road Closed,Closed,Undefined,2026-09-26T09:39:00Z,,2026-10-09 21:40:29,2026-10-09 21:40:29,1,شارع أحمد بن محمد العشاب,الواحة,467.803171413,,,21.5540318318,39.2435207635,21.5581986888,39.2434040874,Al_Haramain_Road_3,3.726,probable,,
TTI-ee6f7775-fbc6-4c47-ab76-e5709a440588-TTR65499117192047000,8,Road Closed,Closed,Undefined,2026-09-26T09:38:30Z,,2026-10-09 21:40:29,2026-10-09 21:40:29,1,الواحة,شارع أحمد بن محمد العشاب,467.803171413,,,21.5581986888,39.2434040874,21.5540318318,39.2435207635,Al_Haramain_Road_3,3.726,probable,,
